timestamp,message,logStreamName
1773194303000,2 956463123464 eni-0eacf37f4f8a7bf3e 10.0.10.17 154.120.102.52 40917 443 6 2 120 1773194303 1773194334 ACCEPT OK,eni-0eacf37f4f8a7bf3e-all
1773194303000,2 956463123464 eni-0eacf37f4f8a7bf3e 10.0.20.232 10.0.10.17 55000 443 6 6 312 1773194303 1773194334 ACCEPT OK,eni-0eacf37f4f8a7bf3e-all
1773194303000,2 956463123464 eni-0eacf37f4f8a7bf3e 10.0.10.17 110.241.59.150 55905 443 6 2 120 1773194303 1773194334 ACCEPT OK,eni-0eacf37f4f8a7bf3e-all
1773194303000,2 956463123464 eni-0eacf37f4f8a7bf3e 10.0.10.17 144.46.77.216 31827 443 6 2 120 1773194303 1773194334 ACCEPT OK,eni-0eacf37f4f8a7bf3e-all
1773194303000,2 956463123464 eni-0eacf37f4f8a7bf3e 10.0.20.232 10.0.10.17 41694 443 6 2 120 1773194303 1773194334 ACCEPT OK,eni-0eacf37f4f8a7bf3e-all
1773194303000,2 956463123464 eni-0eacf37f4f8a7bf3e 10.0.10.17 10.0.20.232 443 47100 6 4 208 1773194303 1773194334 ACCEPT OK,eni-0eacf37f4f8a7bf3e-all
1773194303000,2 956463123464 eni-0eacf37f4f8a7bf3e 10.0.20.232 10.0.10.17 46958 443 6 2 120 1773194303 1773194334 ACCEPT OK,eni-0eacf37f4f8a7bf3e-all
1773194303000,2 956463123464 eni-0eacf37f4f8a7bf3e 10.0.20.232 10.0.10.17 47636 443 6 2 120 1773194303 1773194334 ACCEPT OK,eni-0eacf37f4f8a7bf3e-all
1773194303000,2 956463123464 eni-0eacf37f4f8a7bf3e 10.0.20.232 10.0.10.17 35758 443 6 2 120 1773194303 1773194334 ACCEPT OK,eni-0eacf37f4f8a7bf3e-all
1773194303000,2 956463123464 eni-0eacf37f4f8a7bf3e 10.0.20.232 10.0.10.17 41192 443 6 2 120 1773194303 1773194334 ACCEPT OK,eni-0eacf37f4f8a7bf3e-all
1773194303000,2 956463123464 eni-0eacf37f4f8a7bf3e 10.0.10.17 40.234.115.9 30031 443 6 1 60 1773194303 1773194334 ACCEPT OK,eni-0eacf37f4f8a7bf3e-all
1773194303000,2 956463123464 eni-0eacf37f4f8a7bf3e 10.0.10.17 165.85.60.164 47621 443 6 5 200 1773194303 1773194334 ACCEPT OK,eni-0eacf37f4f8a7bf3e-all
1773194303000,2 956463123464 eni-0eacf37f4f8a7bf3e 10.0.20.232 10.0.10.17 41502 443 6 2 120 1773194303 1773194334 ACCEPT OK,eni-0eacf37f4f8a7bf3e-all
1773194303000,2 956463123464 eni-0eacf37f4f8a7bf3e 10.0.10.17 208.127.122.78 41060 443 6 5 200 1773194303 1773194334 ACCEPT OK,eni-0eacf37f4f8a7bf3e-all
1773194303000,2 956463123464 eni-0eacf37f4f8a7bf3e 18.197.126.165 10.0.10.17 443 25285 6 10 5042 1773194303 1773194334 ACCEPT OK,eni-0eacf37f4f8a7bf3e-all
1773194303000,2 956463123464 eni-0eacf37f4f8a7bf3e 10.0.10.17 136.146.38.126 64637 443 6 4 208 1773194303 1773194334 ACCEPT OK,eni-0eacf37f4f8a7bf3e-all
1773194303000,2 956463123464 eni-0eacf37f4f8a7bf3e 10.0.10.17 93.143.22.166 63337 443 6 1 60 1773194303 1773194334 ACCEPT OK,eni-0eacf37f4f8a7bf3e-all
1773194303000,2 956463123464 eni-0eacf37f4f8a7bf3e 10.0.20.232 10.0.10.17 43602 443 6 1 60 1773194303 1773194334 ACCEPT OK,eni-0eacf37f4f8a7bf3e-all
1773194303000,2 956463123464 eni-0eacf37f4f8a7bf3e 10.0.20.232 10.0.10.17 34792 443 6 10 520 1773194303 1773194334 ACCEPT OK,eni-0eacf37f4f8a7bf3e-all
1773194303000,2 956463123464 eni-0eacf37f4f8a7bf3e 10.0.10.17 129.160.142.156 8895 443 6 1 60 1773194303 1773194334 ACCEPT OK,eni-0eacf37f4f8a7bf3e-all
1773194303000,2 956463123464 eni-0eacf37f4f8a7bf3e 38.47.80.100 10.0.10.17 443 35306 6 4 208 1773194303 1773194334 ACCEPT OK,eni-0eacf37f4f8a7bf3e-all
1773194303000,2 956463123464 eni-0eacf37f4f8a7bf3e 10.0.10.17 15.144.29.129 35080 443 6 2 120 1773194303 1773194334 ACCEPT OK,eni-0eacf37f4f8a7bf3e-all
1773194303000,2 956463123464 eni-0eacf37f4f8a7bf3e 10.0.10.17 16.149.135.107 20459 443 6 2 120 1773194303 1773194334 ACCEPT OK,eni-0eacf37f4f8a7bf3e-all
1773194303000,2 956463123464 eni-0eacf37f4f8a7bf3e 10.0.10.17 125.129.164.140 1385 443 6 2 120 1773194303 1773194334 ACCEPT OK,eni-0eacf37f4f8a7bf3e-all
1773194303000,2 956463123464 eni-0eacf37f4f8a7bf3e 10.0.20.232 10.0.10.17 46302 443 6 2 120 1773194303 1773194334 ACCEPT OK,eni-0eacf37f4f8a7bf3e-all
1773194303000,2 956463123464 eni-0eacf37f4f8a7bf3e 10.0.20.232 10.0.10.17 40420 443 6 1 60 1773194303 1773194334 ACCEPT OK,eni-0eacf37f4f8a7bf3e-all
1773194303000,2 956463123464 eni-0eacf37f4f8a7bf3e 13.109.191.223 10.0.10.17 443 48778 6 4 208 1773194303 1773194334 ACCEPT OK,eni-0eacf37f4f8a7bf3e-all
1773194303000,2 956463123464 eni-0eacf37f4f8a7bf3e 10.0.10.17 15.185.126.30 61713 443 6 1 60 1773194303 1773194334 ACCEPT OK,eni-0eacf37f4f8a7bf3e-all
1773194303000,2 956463123464 eni-0eacf37f4f8a7bf3e 10.0.10.17 103.210.245.135 47235 443 6 8 416 1773194303 1773194334 ACCEPT OK,eni-0eacf37f4f8a7bf3e-all
1773194303000,2 956463123464 eni-0eacf37f4f8a7bf3e 171.162.85.106 10.0.10.17 443 12124 6 4 208 1773194303 1773194334 ACCEPT OK,eni-0eacf37f4f8a7bf3e-all
1773194303000,2 956463123464 eni-0eacf37f4f8a7bf3e 10.0.10.17 36.39.15.4 32540 443 6 1 60 1773194303 1773194334 ACCEPT OK,eni-0eacf37f4f8a7bf3e-all
1773194303000,2 956463123464 eni-0eacf37f4f8a7bf3e 10.0.20.232 10.0.10.17 45152 443 6 2 120 1773194303 1773194334 ACCEPT OK,eni-0eacf37f4f8a7bf3e-all
1773194303000,2 956463123464 eni-0eacf37f4f8a7bf3e 10.0.20.232 10.0.10.17 41970 443 6 1 60 1773194303 1773194334 ACCEPT OK,eni-0eacf37f4f8a7bf3e-all
1773194303000,2 956463123464 eni-0eacf37f4f8a7bf3e 10.0.10.17 84.101.239.37 35848 443 6 2 120 1773194303 1773194334 ACCEPT OK,eni-0eacf37f4f8a7bf3e-all
1773194303000,2 956463123464 eni-0eacf37f4f8a7bf3e 10.0.10.17 10.0.20.232 443 36750 6 10 520 1773194303 1773194334 ACCEPT OK,eni-0eacf37f4f8a7bf3e-all
1773194303000,2 956463123464 eni-0eacf37f4f8a7bf3e 10.0.10.17 4.70.153.113 7120 443 6 2 120 1773194303 1773194334 ACCEPT OK,eni-0eacf37f4f8a7bf3e-all
1773194303000,2 956463123464 eni-0eacf37f4f8a7bf3e 10.0.20.232 10.0.10.17 57898 443 6 2 120 1773194303 1773194334 ACCEPT OK,eni-0eacf37f4f8a7bf3e-all
1773194303000,2 956463123464 eni-0eacf37f4f8a7bf3e 10.0.10.17 121.172.108.81 23108 443 6 1 60 1773194303 1773194334 ACCEPT OK,eni-0eacf37f4f8a7bf3e-all
1773194303000,2 956463123464 eni-0eacf37f4f8a7bf3e 10.0.10.17 218.177.39.21 60094 443 6 2 120 1773194303 1773194334 ACCEPT OK,eni-0eacf37f4f8a7bf3e-all
1773194303000,2 956463123464 eni-0eacf37f4f8a7bf3e 10.0.10.17 87.137.63.143 34722 443 6 2 120 1773194303 1773194334 ACCEPT OK,eni-0eacf37f4f8a7bf3e-all
1773194303000,2 956463123464 eni-0eacf37f4f8a7bf3e 10.0.20.232 10.0.10.17 52438 443 6 1 60 1773194303 1773194334 ACCEPT OK,eni-0eacf37f4f8a7bf3e-all
1773194303000,2 956463123464 eni-0eacf37f4f8a7bf3e 10.0.10.17 10.0.20.232 443 54358 6 4 208 1773194303 1773194334 ACCEPT OK,eni-0eacf37f4f8a7bf3e-all
1773194303000,2 956463123464 eni-0eacf37f4f8a7bf3e 10.0.10.17 100.144.14.79 4621 443 6 1 60 1773194303 1773194334 ACCEPT OK,eni-0eacf37f4f8a7bf3e-all
1773194303000,2 956463123464 eni-0eacf37f4f8a7bf3e 10.0.10.17 136.195.183.102 22187 443 6 2 120 1773194303 1773194334 ACCEPT OK,eni-0eacf37f4f8a7bf3e-all
1773194303000,2 956463123464 eni-0eacf37f4f8a7bf3e 10.0.10.17 10.0.20.232 443 33146 6 18 18439 1773194303 1773194334 ACCEPT OK,eni-0eacf37f4f8a7bf3e-all
1773194303000,2 956463123464 eni-0eacf37f4f8a7bf3e 10.0.10.17 75.226.84.195 43917 443 6 1 60 1773194303 1773194334 ACCEPT OK,eni-0eacf37f4f8a7bf3e-all
1773194303000,2 956463123464 eni-0eacf37f4f8a7bf3e 10.0.10.17 38.122.142.22 52844 443 6 1 60 1773194303 1773194334 ACCEPT OK,eni-0eacf37f4f8a7bf3e-all
1773194303000,2 956463123464 eni-0eacf37f4f8a7bf3e 10.0.10.17 38.40.92.225 18160 443 6 1 60 1773194303 1773194334 ACCEPT OK,eni-0eacf37f4f8a7bf3e-all
1773194303000,2 956463123464 eni-0eacf37f4f8a7bf3e 10.0.10.17 10.0.20.232 443 42932 6 3 207 1773194303 1773194334 ACCEPT OK,eni-0eacf37f4f8a7bf3e-all
1773194303000,2 956463123464 eni-0eacf37f4f8a7bf3e 10.0.10.17 170.180.32.153 42804 443 6 2 120 1773194303 1773194334 ACCEPT OK,eni-0eacf37f4f8a7bf3e-all
1773194303000,2 956463123464 eni-0eacf37f4f8a7bf3e 10.0.10.17 79.115.22.89 27603 443 6 1 60 1773194303 1773194334 ACCEPT OK,eni-0eacf37f4f8a7bf3e-all
1773194303000,2 956463123464 eni-0eacf37f4f8a7bf3e 10.0.20.232 10.0.10.17 35448 443 6 4 208 1773194303 1773194334 ACCEPT OK,eni-0eacf37f4f8a7bf3e-all
1773194303000,2 956463123464 eni-0eacf37f4f8a7bf3e 98.231.106.58 10.0.10.17 0 0 1 2 176 1773194303 1773194334 ACCEPT OK,eni-0eacf37f4f8a7bf3e-all
1773194303000,2 956463123464 eni-0eacf37f4f8a7bf3e 10.0.10.17 163.194.190.18 1790 443 6 2 120 1773194303 1773194334 ACCEPT OK,eni-0eacf37f4f8a7bf3e-all
1773194303000,2 956463123464 eni-0eacf37f4f8a7bf3e 10.0.20.232 10.0.10.17 44924 443 6 2 120 1773194303 1773194334 ACCEPT OK,eni-0eacf37f4f8a7bf3e-all
1773194303000,2 956463123464 eni-0eacf37f4f8a7bf3e 10.0.10.17 180.221.234.24 9153 443 6 1 60 1773194303 1773194334 ACCEPT OK,eni-0eacf37f4f8a7bf3e-all
1773194303000,2 956463123464 eni-0eacf37f4f8a7bf3e 170.48.27.82 10.0.10.17 443 29329 6 5 260 1773194303 1773194334 ACCEPT OK,eni-0eacf37f4f8a7bf3e-all
1773194303000,2 956463123464 eni-0eacf37f4f8a7bf3e 10.0.20.232 10.0.10.17 53854 443 6 2 120 1773194303 1773194334 ACCEPT OK,eni-0eacf37f4f8a7bf3e-all
1773194303000,2 956463123464 eni-0eacf37f4f8a7bf3e 114.184.247.31 10.0.10.17 443 45603 6 4 208 1773194303 1773194334 ACCEPT OK,eni-0eacf37f4f8a7bf3e-all
1773194303000,2 956463123464 eni-0eacf37f4f8a7bf3e 10.0.10.17 207.125.155.164 35535 443 6 2 120 1773194303 1773194334 ACCEPT OK,eni-0eacf37f4f8a7bf3e-all
1773194303000,2 956463123464 eni-0eacf37f4f8a7bf3e 10.0.10.17 1.139.103.212 32255 443 6 2 120 1773194303 1773194334 ACCEPT OK,eni-0eacf37f4f8a7bf3e-all
1773194303000,2 956463123464 eni-0eacf37f4f8a7bf3e 10.0.10.17 10.0.20.232 443 44744 6 4 208 1773194303 1773194334 ACCEPT OK,eni-0eacf37f4f8a7bf3e-all
1773194303000,2 956463123464 eni-0eacf37f4f8a7bf3e 10.0.20.232 10.0.10.17 48092 443 6 1 60 1773194303 1773194334 ACCEPT OK,eni-0eacf37f4f8a7bf3e-all
1773194303000,2 956463123464 eni-0eacf37f4f8a7bf3e 10.0.20.232 10.0.10.17 42414 443 6 8 416 1773194303 1773194334 ACCEPT OK,eni-0eacf37f4f8a7bf3e-all
1773194303000,2 956463123464 eni-0eacf37f4f8a7bf3e 10.0.20.232 10.0.10.17 52298 443 6 2 120 1773194303 1773194334 ACCEPT OK,eni-0eacf37f4f8a7bf3e-all
1773194303000,2 956463123464 eni-0eacf37f4f8a7bf3e 10.0.20.232 10.0.10.17 43518 443 6 1 60 1773194303 1773194334 ACCEPT OK,eni-0eacf37f4f8a7bf3e-all
1773194303000,2 956463123464 eni-0eacf37f4f8a7bf3e 10.0.10.17 206.122.26.133 49024 443 6 2 120 1773194303 1773194334 ACCEPT OK,eni-0eacf37f4f8a7bf3e-all
1773194303000,2 956463123464 eni-0eacf37f4f8a7bf3e 10.0.10.17 58.68.226.146 52457 443 6 2 120 1773194303 1773194334 ACCEPT OK,eni-0eacf37f4f8a7bf3e-all
1773194303000,2 956463123464 eni-0eacf37f4f8a7bf3e 10.0.10.17 184.195.35.105 47437 443 6 1 60 1773194303 1773194334 ACCEPT OK,eni-0eacf37f4f8a7bf3e-all
1773194303000,2 956463123464 eni-0eacf37f4f8a7bf3e 10.0.20.232 10.0.10.17 51852 443 6 2 120 1773194303 1773194334 ACCEPT OK,eni-0eacf37f4f8a7bf3e-all
1773194303000,2 956463123464 eni-0eacf37f4f8a7bf3e 10.0.20.232 10.0.10.17 39100 443 6 1 60 1773194303 1773194334 ACCEPT OK,eni-0eacf37f4f8a7bf3e-all
1773194303000,2 956463123464 eni-0eacf37f4f8a7bf3e 10.0.20.232 10.0.10.17 51468 443 6 4 216 1773194303 1773194334 ACCEPT OK,eni-0eacf37f4f8a7bf3e-all
1773194303000,2 956463123464 eni-0eacf37f4f8a7bf3e 10.0.10.17 206.184.124.221 11821 443 6 2 120 1773194303 1773194334 ACCEPT OK,eni-0eacf37f4f8a7bf3e-all
1773194303000,2 956463123464 eni-0eacf37f4f8a7bf3e 10.0.20.232 10.0.10.17 40640 443 6 2 120 1773194303 1773194334 ACCEPT OK,eni-0eacf37f4f8a7bf3e-all
1773194303000,2 956463123464 eni-0eacf37f4f8a7bf3e 10.0.20.232 10.0.10.17 39768 443 6 1 60 1773194303 1773194334 ACCEPT OK,eni-0eacf37f4f8a7bf3e-all
1773194303000,2 956463123464 eni-0eacf37f4f8a7bf3e 10.0.20.232 10.0.10.17 48590 443 6 4 216 1773194303 1773194334 ACCEPT OK,eni-0eacf37f4f8a7bf3e-all
1773194303000,2 956463123464 eni-0eacf37f4f8a7bf3e 10.0.10.17 115.55.73.56 43283 443 6 1 60 1773194303 1773194334 ACCEPT OK,eni-0eacf37f4f8a7bf3e-all
1773194303000,2 956463123464 eni-0eacf37f4f8a7bf3e 10.0.10.17 17.131.150.61 3379 443 6 2 120 1773194303 1773194334 ACCEPT OK,eni-0eacf37f4f8a7bf3e-all
1773194303000,2 956463123464 eni-0eacf37f4f8a7bf3e 10.0.10.17 23.34.133.185 11857 443 6 4 208 1773194303 1773194334 ACCEPT OK,eni-0eacf37f4f8a7bf3e-all
1773194303000,2 956463123464 eni-0eacf37f4f8a7bf3e 10.0.10.17 118.43.202.58 1131 443 6 2 120 1773194303 1773194334 ACCEPT OK,eni-0eacf37f4f8a7bf3e-all
1773194303000,2 956463123464 eni-0eacf37f4f8a7bf3e 210.72.157.97 10.0.10.17 443 45856 6 1 40 1773194303 1773194334 ACCEPT OK,eni-0eacf37f4f8a7bf3e-all
1773194303000,2 956463123464 eni-0eacf37f4f8a7bf3e 10.0.20.232 10.0.10.17 35148 443 6 1 60 1773194303 1773194334 ACCEPT OK,eni-0eacf37f4f8a7bf3e-all
1773194303000,2 956463123464 eni-0eacf37f4f8a7bf3e 10.0.20.232 10.0.10.17 47374 443 6 2 120 1773194303 1773194334 ACCEPT OK,eni-0eacf37f4f8a7bf3e-all
1773194303000,2 956463123464 eni-0eacf37f4f8a7bf3e 10.0.10.17 154.16.248.103 24374 443 6 1 60 1773194303 1773194334 ACCEPT OK,eni-0eacf37f4f8a7bf3e-all
1773194303000,2 956463123464 eni-0eacf37f4f8a7bf3e 10.0.10.17 44.106.128.74 10260 443 6 1 60 1773194303 1773194334 ACCEPT OK,eni-0eacf37f4f8a7bf3e-all
1773194303000,2 956463123464 eni-0eacf37f4f8a7bf3e 10.0.10.17 59.86.196.73 41846 443 6 2 120 1773194303 1773194334 ACCEPT OK,eni-0eacf37f4f8a7bf3e-all
1773194303000,2 956463123464 eni-0eacf37f4f8a7bf3e 161.71.128.97 10.0.10.17 443 52817 6 4 208 1773194303 1773194334 ACCEPT OK,eni-0eacf37f4f8a7bf3e-all
1773194303000,2 956463123464 eni-0eacf37f4f8a7bf3e 10.0.20.232 10.0.10.17 45212 443 6 2 120 1773194303 1773194334 ACCEPT OK,eni-0eacf37f4f8a7bf3e-all
1773194303000,2 956463123464 eni-0eacf37f4f8a7bf3e 10.0.20.232 10.0.10.17 35202 443 6 2 120 1773194303 1773194334 ACCEPT OK,eni-0eacf37f4f8a7bf3e-all
1773194303000,2 956463123464 eni-0eacf37f4f8a7bf3e 141.147.78.50 10.0.10.17 443 42010 6 8 416 1773194303 1773194334 ACCEPT OK,eni-0eacf37f4f8a7bf3e-all
1773194303000,2 956463123464 eni-0eacf37f4f8a7bf3e 10.0.20.232 10.0.10.17 38188 443 6 2 120 1773194303 1773194334 ACCEPT OK,eni-0eacf37f4f8a7bf3e-all
1773194303000,2 956463123464 eni-0eacf37f4f8a7bf3e 10.0.20.232 10.0.10.17 41788 443 6 2 120 1773194303 1773194334 ACCEPT OK,eni-0eacf37f4f8a7bf3e-all
1773194303000,2 956463123464 eni-0eacf37f4f8a7bf3e 10.0.10.17 136.23.17.60 17656 443 6 2 120 1773194303 1773194334 ACCEPT OK,eni-0eacf37f4f8a7bf3e-all
1773194303000,2 956463123464 eni-0eacf37f4f8a7bf3e 10.0.10.17 71.12.84.214 28828 443 6 2 120 1773194303 1773194334 ACCEPT OK,eni-0eacf37f4f8a7bf3e-all
1773194303000,2 956463123464 eni-0eacf37f4f8a7bf3e 10.0.20.232 10.0.10.17 42876 443 6 5 244 1773194303 1773194334 ACCEPT OK,eni-0eacf37f4f8a7bf3e-all
1773194303000,2 956463123464 eni-0eacf37f4f8a7bf3e 10.0.20.232 10.0.10.17 47642 443 6 1 60 1773194303 1773194334 ACCEPT OK,eni-0eacf37f4f8a7bf3e-all
1773194303000,2 956463123464 eni-0eacf37f4f8a7bf3e 10.0.20.232 10.0.10.17 56000 443 6 2 120 1773194303 1773194334 ACCEPT OK,eni-0eacf37f4f8a7bf3e-all
1773194303000,2 956463123464 eni-0eacf37f4f8a7bf3e 10.0.20.232 10.0.10.17 39724 443 6 2 120 1773194303 1773194334 ACCEPT OK,eni-0eacf37f4f8a7bf3e-all
1773194303000,2 956463123464 eni-0eacf37f4f8a7bf3e 10.0.20.232 10.0.10.17 35080 443 6 5 260 1773194303 1773194334 ACCEPT OK,eni-0eacf37f4f8a7bf3e-all
1773194303000,2 956463123464 eni-0eacf37f4f8a7bf3e 10.0.10.17 10.0.20.232 443 43470 6 4 208 1773194303 1773194334 ACCEPT OK,eni-0eacf37f4f8a7bf3e-all
1773194303000,2 956463123464 eni-0eacf37f4f8a7bf3e 10.0.10.17 81.231.0.248 28222 443 6 2 120 1773194303 1773194334 ACCEPT OK,eni-0eacf37f4f8a7bf3e-all
1773194303000,2 956463123464 eni-0eacf37f4f8a7bf3e 10.0.10.17 34.243.243.99 10495 443 6 2 120 1773194303 1773194334 ACCEPT OK,eni-0eacf37f4f8a7bf3e-all
1773194303000,2 956463123464 eni-0eacf37f4f8a7bf3e 10.0.20.232 10.0.10.17 36940 443 6 2 120 1773194303 1773194334 ACCEPT OK,eni-0eacf37f4f8a7bf3e-all
1773194303000,2 956463123464 eni-0eacf37f4f8a7bf3e 218.150.70.202 10.0.10.17 443 24214 6 1 40 1773194303 1773194334 ACCEPT OK,eni-0eacf37f4f8a7bf3e-all
1773194303000,2 956463123464 eni-0eacf37f4f8a7bf3e 10.0.10.17 60.116.101.178 61734 443 6 2 120 1773194303 1773194334 ACCEPT OK,eni-0eacf37f4f8a7bf3e-all
1773194303000,2 956463123464 eni-0eacf37f4f8a7bf3e 10.0.20.232 10.0.10.17 52314 443 6 1 60 1773194303 1773194334 ACCEPT OK,eni-0eacf37f4f8a7bf3e-all
1773194303000,2 956463123464 eni-0eacf37f4f8a7bf3e 10.0.10.17 77.127.83.137 47494 443 6 2 120 1773194303 1773194334 ACCEPT OK,eni-0eacf37f4f8a7bf3e-all
1773194303000,2 956463123464 eni-0eacf37f4f8a7bf3e 10.0.20.232 10.0.10.17 51048 443 6 2 120 1773194303 1773194334 ACCEPT OK,eni-0eacf37f4f8a7bf3e-all
1773194303000,2 956463123464 eni-0eacf37f4f8a7bf3e 54.203.20.225 10.0.10.17 443 47552 6 4 208 1773194303 1773194334 ACCEPT OK,eni-0eacf37f4f8a7bf3e-all
1773194303000,2 956463123464 eni-0eacf37f4f8a7bf3e 80.78.28.71 10.0.10.17 443 12945 6 9 468 1773194303 1773194334 ACCEPT OK,eni-0eacf37f4f8a7bf3e-all
1773194303000,2 956463123464 eni-0eacf37f4f8a7bf3e 10.0.20.232 10.0.10.17 57374 443 6 4 208 1773194303 1773194334 ACCEPT OK,eni-0eacf37f4f8a7bf3e-all
1773194303000,2 956463123464 eni-0eacf37f4f8a7bf3e 10.0.10.17 165.3.62.143 42629 443 6 2 120 1773194303 1773194334 ACCEPT OK,eni-0eacf37f4f8a7bf3e-all
1773194303000,2 956463123464 eni-0eacf37f4f8a7bf3e 10.0.20.232 10.0.10.17 48214 443 6 2 120 1773194303 1773194334 ACCEPT OK,eni-0eacf37f4f8a7bf3e-all
1773194303000,2 956463123464 eni-0eacf37f4f8a7bf3e 10.0.20.232 10.0.10.17 33748 443 6 1 60 1773194303 1773194334 ACCEPT OK,eni-0eacf37f4f8a7bf3e-all
1773194303000,2 956463123464 eni-0eacf37f4f8a7bf3e 10.0.10.17 54.28.234.62 32038 443 6 1 60 1773194303 1773194334 ACCEPT OK,eni-0eacf37f4f8a7bf3e-all
1773194303000,2 956463123464 eni-0eacf37f4f8a7bf3e 10.0.10.17 101.74.56.83 48382 443 6 2 120 1773194303 1773194334 ACCEPT OK,eni-0eacf37f4f8a7bf3e-all
1773194303000,2 956463123464 eni-0eacf37f4f8a7bf3e 10.0.20.232 10.0.10.17 52894 443 6 1 60 1773194303 1773194334 ACCEPT OK,eni-0eacf37f4f8a7bf3e-all
1773194303000,2 956463123464 eni-0eacf37f4f8a7bf3e 10.0.10.17 10.0.20.232 443 55950 6 4 208 1773194303 1773194334 ACCEPT OK,eni-0eacf37f4f8a7bf3e-all
1773194303000,2 956463123464 eni-0eacf37f4f8a7bf3e 38.58.185.189 10.0.10.17 443 43753 6 4 208 1773194303 1773194334 ACCEPT OK,eni-0eacf37f4f8a7bf3e-all
1773194303000,2 956463123464 eni-0eacf37f4f8a7bf3e 10.0.20.232 10.0.10.17 59922 443 6 8 416 1773194303 1773194334 ACCEPT OK,eni-0eacf37f4f8a7bf3e-all
1773194303000,2 956463123464 eni-0eacf37f4f8a7bf3e 10.0.10.17 217.28.217.59 50419 443 6 1 60 1773194303 1773194334 ACCEPT OK,eni-0eacf37f4f8a7bf3e-all
1773194303000,2 956463123464 eni-0eacf37f4f8a7bf3e 10.0.10.17 119.218.216.46 46429 443 6 1 60 1773194303 1773194334 ACCEPT OK,eni-0eacf37f4f8a7bf3e-all
1773194303000,2 956463123464 eni-0eacf37f4f8a7bf3e 10.0.10.17 6.60.64.34 25749 443 6 1 60 1773194303 1773194334 ACCEPT OK,eni-0eacf37f4f8a7bf3e-all
1773194303000,2 956463123464 eni-0eacf37f4f8a7bf3e 109.107.167.103 10.0.10.17 443 11423 6 8 416 1773194303 1773194334 ACCEPT OK,eni-0eacf37f4f8a7bf3e-all
1773194303000,2 956463123464 eni-0eacf37f4f8a7bf3e 10.0.20.232 10.0.10.17 34668 443 6 10 520 1773194303 1773194334 ACCEPT OK,eni-0eacf37f4f8a7bf3e-all
1773194303000,2 956463123464 eni-0eacf37f4f8a7bf3e 23.198.179.22 10.0.10.17 443 36292 6 3 171 1773194303 1773194334 ACCEPT OK,eni-0eacf37f4f8a7bf3e-all
1773194303000,2 956463123464 eni-0eacf37f4f8a7bf3e 10.0.10.17 54.180.122.230 13425 443 6 2 120 1773194303 1773194334 ACCEPT OK,eni-0eacf37f4f8a7bf3e-all
1773194303000,2 956463123464 eni-0eacf37f4f8a7bf3e 10.0.10.17 4.233.214.156 35711 443 6 1 60 1773194303 1773194334 ACCEPT OK,eni-0eacf37f4f8a7bf3e-all
1773194303000,2 956463123464 eni-0eacf37f4f8a7bf3e 10.0.20.232 10.0.10.17 37158 443 6 1 60 1773194303 1773194334 ACCEPT OK,eni-0eacf37f4f8a7bf3e-all
1773194303000,2 956463123464 eni-0eacf37f4f8a7bf3e 10.0.20.232 10.0.10.17 57570 443 6 2 120 1773194303 1773194334 ACCEPT OK,eni-0eacf37f4f8a7bf3e-all
1773194303000,2 956463123464 eni-0eacf37f4f8a7bf3e 10.0.20.232 10.0.10.17 45076 443 6 2 120 1773194303 1773194334 ACCEPT OK,eni-0eacf37f4f8a7bf3e-all
1773194303000,2 956463123464 eni-0eacf37f4f8a7bf3e 10.0.10.17 38.221.221.128 14014 443 6 2 120 1773194303 1773194334 ACCEPT OK,eni-0eacf37f4f8a7bf3e-all
1773194303000,2 956463123464 eni-0eacf37f4f8a7bf3e 10.0.20.232 10.0.10.17 43920 443 6 2 120 1773194303 1773194334 ACCEPT OK,eni-0eacf37f4f8a7bf3e-all
1773194303000,2 956463123464 eni-0eacf37f4f8a7bf3e 10.0.20.232 10.0.10.17 50340 443 6 4 208 1773194303 1773194334 ACCEPT OK,eni-0eacf37f4f8a7bf3e-all
1773194303000,2 956463123464 eni-0eacf37f4f8a7bf3e 10.0.10.17 112.51.27.128 49695 443 6 2 120 1773194303 1773194334 ACCEPT OK,eni-0eacf37f4f8a7bf3e-all
1773194303000,2 956463123464 eni-0eacf37f4f8a7bf3e 162.224.46.153 10.0.10.17 443 28374 6 10 4290 1773194303 1773194334 ACCEPT OK,eni-0eacf37f4f8a7bf3e-all
1773194303000,2 956463123464 eni-0eacf37f4f8a7bf3e 10.0.20.232 10.0.10.17 39936 443 6 2 120 1773194303 1773194334 ACCEPT OK,eni-0eacf37f4f8a7bf3e-all
1773194303000,2 956463123464 eni-0eacf37f4f8a7bf3e 10.0.10.17 184.31.154.166 9228 443 6 4 1695 1773194303 1773194334 ACCEPT OK,eni-0eacf37f4f8a7bf3e-all
1773194303000,2 956463123464 eni-0eacf37f4f8a7bf3e 10.0.10.17 184.165.253.253 22504 443 6 2 120 1773194303 1773194334 ACCEPT OK,eni-0eacf37f4f8a7bf3e-all
1773194303000,2 956463123464 eni-0eacf37f4f8a7bf3e 10.0.20.232 10.0.10.17 59738 443 6 1 60 1773194303 1773194334 ACCEPT OK,eni-0eacf37f4f8a7bf3e-all
1773194303000,2 956463123464 eni-0eacf37f4f8a7bf3e 10.0.20.232 10.0.10.17 48932 443 6 1 60 1773194303 1773194334 ACCEPT OK,eni-0eacf37f4f8a7bf3e-all
1773194303000,2 956463123464 eni-0eacf37f4f8a7bf3e 10.0.20.232 10.0.10.17 48752 443 6 9 468 1773194303 1773194334 ACCEPT OK,eni-0eacf37f4f8a7bf3e-all
1773194303000,2 956463123464 eni-0eacf37f4f8a7bf3e 10.0.20.232 10.0.10.17 53632 443 6 1 60 1773194303 1773194334 ACCEPT OK,eni-0eacf37f4f8a7bf3e-all
1773194303000,2 956463123464 eni-0eacf37f4f8a7bf3e 10.0.20.232 10.0.10.17 34424 443 6 2 120 1773194303 1773194334 ACCEPT OK,eni-0eacf37f4f8a7bf3e-all
1773194303000,2 956463123464 eni-0eacf37f4f8a7bf3e 10.0.20.232 10.0.10.17 51106 443 6 1 60 1773194303 1773194334 ACCEPT OK,eni-0eacf37f4f8a7bf3e-all
1773194303000,2 956463123464 eni-0eacf37f4f8a7bf3e 10.0.20.232 10.0.10.17 34522 443 6 2 120 1773194303 1773194334 ACCEPT OK,eni-0eacf37f4f8a7bf3e-all
1773194303000,2 956463123464 eni-0eacf37f4f8a7bf3e 204.44.60.132 10.0.10.17 443 61922 6 4 208 1773194303 1773194334 ACCEPT OK,eni-0eacf37f4f8a7bf3e-all
1773194303000,2 956463123464 eni-0eacf37f4f8a7bf3e 10.0.20.232 10.0.10.17 36520 443 6 1 60 1773194303 1773194334 ACCEPT OK,eni-0eacf37f4f8a7bf3e-all
1773194303000,2 956463123464 eni-0eacf37f4f8a7bf3e 10.0.10.17 10.0.20.232 443 53594 6 4 208 1773194303 1773194334 ACCEPT OK,eni-0eacf37f4f8a7bf3e-all
1773194303000,2 956463123464 eni-0eacf37f4f8a7bf3e 204.29.60.44 10.0.10.17 443 61102 6 4 160 1773194303 1773194334 ACCEPT OK,eni-0eacf37f4f8a7bf3e-all
1773194303000,2 956463123464 eni-0eacf37f4f8a7bf3e 10.0.10.17 114.134.0.189 19190 443 6 2 120 1773194303 1773194334 ACCEPT OK,eni-0eacf37f4f8a7bf3e-all
1773194303000,2 956463123464 eni-0eacf37f4f8a7bf3e 10.0.20.232 10.0.10.17 55958 443 6 4 160 1773194303 1773194334 ACCEPT OK,eni-0eacf37f4f8a7bf3e-all
1773194303000,2 956463123464 eni-0eacf37f4f8a7bf3e 10.0.10.17 156.172.120.210 35595 443 6 2 120 1773194303 1773194334 ACCEPT OK,eni-0eacf37f4f8a7bf3e-all
1773194303000,2 956463123464 eni-0eacf37f4f8a7bf3e 10.0.10.17 194.175.147.47 43660 443 6 2 120 1773194303 1773194334 ACCEPT OK,eni-0eacf37f4f8a7bf3e-all
1773194303000,2 956463123464 eni-0eacf37f4f8a7bf3e 218.235.244.119 10.0.10.17 443 42571 6 1 40 1773194303 1773194334 ACCEPT OK,eni-0eacf37f4f8a7bf3e-all
1773194303000,2 956463123464 eni-0eacf37f4f8a7bf3e 10.0.10.17 76.223.207.5 12980 443 6 2 120 1773194303 1773194334 ACCEPT OK,eni-0eacf37f4f8a7bf3e-all
1773194303000,2 956463123464 eni-0eacf37f4f8a7bf3e 10.0.10.17 10.0.20.232 443 56792 6 4 208 1773194303 1773194334 ACCEPT OK,eni-0eacf37f4f8a7bf3e-all
1773194303000,2 956463123464 eni-0eacf37f4f8a7bf3e 10.0.10.17 132.100.163.130 56149 443 6 2 120 1773194303 1773194334 ACCEPT OK,eni-0eacf37f4f8a7bf3e-all
1773194303000,2 956463123464 eni-0eacf37f4f8a7bf3e 181.214.246.249 10.0.10.17 443 22137 6 8 416 1773194303 1773194334 ACCEPT OK,eni-0eacf37f4f8a7bf3e-all
1773194303000,2 956463123464 eni-0eacf37f4f8a7bf3e 10.0.20.232 10.0.10.17 48780 443 6 2 120 1773194303 1773194334 ACCEPT OK,eni-0eacf37f4f8a7bf3e-all
1773194303000,2 956463123464 eni-0eacf37f4f8a7bf3e 10.0.10.17 10.0.20.232 443 41038 6 1 40 1773194303 1773194334 ACCEPT OK,eni-0eacf37f4f8a7bf3e-all
1773194303000,2 956463123464 eni-0eacf37f4f8a7bf3e 10.0.20.232 10.0.10.17 43390 443 6 2 120 1773194303 1773194334 ACCEPT OK,eni-0eacf37f4f8a7bf3e-all
1773194303000,2 956463123464 eni-0eacf37f4f8a7bf3e 10.0.10.17 178.151.66.202 11625 443 6 2 120 1773194303 1773194334 ACCEPT OK,eni-0eacf37f4f8a7bf3e-all
1773194303000,2 956463123464 eni-0eacf37f4f8a7bf3e 10.0.20.232 10.0.10.17 59254 443 6 2 120 1773194303 1773194334 ACCEPT OK,eni-0eacf37f4f8a7bf3e-all
1773194303000,2 956463123464 eni-0eacf37f4f8a7bf3e 10.0.20.232 10.0.10.17 41680 443 6 2 120 1773194303 1773194334 ACCEPT OK,eni-0eacf37f4f8a7bf3e-all
1773194303000,2 956463123464 eni-0eacf37f4f8a7bf3e 10.0.20.232 10.0.10.17 36058 443 6 2 120 1773194303 1773194334 ACCEPT OK,eni-0eacf37f4f8a7bf3e-all
1773194303000,2 956463123464 eni-0eacf37f4f8a7bf3e 10.0.10.17 26.71.122.164 41953 443 6 2 120 1773194303 1773194334 ACCEPT OK,eni-0eacf37f4f8a7bf3e-all
1773194303000,2 956463123464 eni-0eacf37f4f8a7bf3e 10.0.10.17 170.120.138.122 55471 443 6 1 60 1773194303 1773194334 ACCEPT OK,eni-0eacf37f4f8a7bf3e-all
1773194303000,2 956463123464 eni-0eacf37f4f8a7bf3e 10.0.20.232 10.0.10.17 38430 443 6 1 60 1773194303 1773194334 ACCEPT OK,eni-0eacf37f4f8a7bf3e-all
1773194303000,2 956463123464 eni-0eacf37f4f8a7bf3e 14.4.60.247 10.0.10.17 443 13177 6 4 208 1773194303 1773194334 ACCEPT OK,eni-0eacf37f4f8a7bf3e-all
1773194303000,2 956463123464 eni-0eacf37f4f8a7bf3e 10.0.10.17 94.25.103.12 38588 443 6 2 120 1773194303 1773194334 ACCEPT OK,eni-0eacf37f4f8a7bf3e-all
1773194303000,2 956463123464 eni-0eacf37f4f8a7bf3e 10.0.10.17 10.0.20.232 443 60552 6 5 260 1773194303 1773194334 ACCEPT OK,eni-0eacf37f4f8a7bf3e-all
1773194303000,2 956463123464 eni-0eacf37f4f8a7bf3e 10.0.10.17 83.53.109.181 60528 443 6 1 60 1773194303 1773194334 ACCEPT OK,eni-0eacf37f4f8a7bf3e-all
1773194303000,2 956463123464 eni-0eacf37f4f8a7bf3e 10.0.10.17 67.104.39.103 16646 443 6 2 120 1773194303 1773194334 ACCEPT OK,eni-0eacf37f4f8a7bf3e-all
1773194303000,2 956463123464 eni-0eacf37f4f8a7bf3e 10.0.20.232 10.0.10.17 56872 443 6 2 120 1773194303 1773194334 ACCEPT OK,eni-0eacf37f4f8a7bf3e-all
1773194303000,2 956463123464 eni-0eacf37f4f8a7bf3e 10.0.20.232 10.0.10.17 39074 443 6 1 281 1773194303 1773194334 ACCEPT OK,eni-0eacf37f4f8a7bf3e-all
1773194303000,2 956463123464 eni-0eacf37f4f8a7bf3e 10.0.10.17 218.142.117.82 15609 443 6 2 120 1773194303 1773194334 ACCEPT OK,eni-0eacf37f4f8a7bf3e-all
1773194303000,2 956463123464 eni-0eacf37f4f8a7bf3e 10.0.20.232 10.0.10.17 59016 443 6 2 120 1773194303 1773194334 ACCEPT OK,eni-0eacf37f4f8a7bf3e-all
1773194303000,2 956463123464 eni-0eacf37f4f8a7bf3e 10.0.20.232 10.0.10.17 52870 443 6 1 60 1773194303 1773194334 ACCEPT OK,eni-0eacf37f4f8a7bf3e-all
1773194303000,2 956463123464 eni-0eacf37f4f8a7bf3e 10.0.10.17 143.168.8.11 27128 443 6 2 120 1773194303 1773194334 ACCEPT OK,eni-0eacf37f4f8a7bf3e-all
1773194303000,2 956463123464 eni-0eacf37f4f8a7bf3e 10.0.20.232 10.0.10.17 55170 443 6 1 60 1773194303 1773194334 ACCEPT OK,eni-0eacf37f4f8a7bf3e-all
1773194303000,2 956463123464 eni-0eacf37f4f8a7bf3e 10.0.20.232 10.0.10.17 54912 443 6 2 120 1773194303 1773194334 ACCEPT OK,eni-0eacf37f4f8a7bf3e-all
1773194303000,2 956463123464 eni-0eacf37f4f8a7bf3e 10.0.20.232 10.0.10.17 37152 443 6 2 120 1773194303 1773194334 ACCEPT OK,eni-0eacf37f4f8a7bf3e-all
1773194303000,2 956463123464 eni-0eacf37f4f8a7bf3e 10.0.20.232 10.0.10.17 41230 443 6 2 120 1773194303 1773194334 ACCEPT OK,eni-0eacf37f4f8a7bf3e-all
1773194303000,2 956463123464 eni-0eacf37f4f8a7bf3e 10.0.20.232 10.0.10.17 49426 443 6 2 120 1773194303 1773194334 ACCEPT OK,eni-0eacf37f4f8a7bf3e-all
1773194303000,2 956463123464 eni-0eacf37f4f8a7bf3e 10.0.10.17 51.204.136.74 22378 443 6 2 120 1773194303 1773194334 ACCEPT OK,eni-0eacf37f4f8a7bf3e-all
1773194303000,2 956463123464 eni-0eacf37f4f8a7bf3e 10.0.20.232 10.0.10.17 51966 443 6 2 120 1773194303 1773194334 ACCEPT OK,eni-0eacf37f4f8a7bf3e-all
1773194303000,2 956463123464 eni-0eacf37f4f8a7bf3e 10.0.10.17 139.168.197.222 61408 443 6 1 60 1773194303 1773194334 ACCEPT OK,eni-0eacf37f4f8a7bf3e-all
1773194303000,2 956463123464 eni-0eacf37f4f8a7bf3e 10.0.10.17 122.198.128.73 51411 443 6 2 120 1773194303 1773194334 ACCEPT OK,eni-0eacf37f4f8a7bf3e-all
1773194303000,2 956463123464 eni-0eacf37f4f8a7bf3e 10.0.10.17 205.56.253.13 53650 443 6 2 120 1773194303 1773194334 ACCEPT OK,eni-0eacf37f4f8a7bf3e-all
1773194303000,2 956463123464 eni-0eacf37f4f8a7bf3e 10.0.10.17 120.131.165.73 10145 443 6 2 120 1773194303 1773194334 ACCEPT OK,eni-0eacf37f4f8a7bf3e-all
1773194303000,2 956463123464 eni-0eacf37f4f8a7bf3e 10.0.20.232 10.0.10.17 40440 443 6 2 120 1773194303 1773194334 ACCEPT OK,eni-0eacf37f4f8a7bf3e-all
1773194303000,2 956463123464 eni-0eacf37f4f8a7bf3e 10.0.10.17 144.240.126.143 62821 443 6 2 120 1773194303 1773194334 ACCEPT OK,eni-0eacf37f4f8a7bf3e-all
1773194303000,2 956463123464 eni-0eacf37f4f8a7bf3e 10.0.20.232 10.0.10.17 40214 443 6 2 120 1773194303 1773194334 ACCEPT OK,eni-0eacf37f4f8a7bf3e-all
1773194303000,2 956463123464 eni-0eacf37f4f8a7bf3e 52.194.25.231 10.0.10.17 443 55863 6 7 364 1773194303 1773194334 ACCEPT OK,eni-0eacf37f4f8a7bf3e-all
1773194303000,2 956463123464 eni-0eacf37f4f8a7bf3e 10.0.10.17 154.215.239.122 10464 443 6 1 60 1773194303 1773194334 ACCEPT OK,eni-0eacf37f4f8a7bf3e-all
1773194303000,2 956463123464 eni-0eacf37f4f8a7bf3e 10.0.10.17 55.26.111.85 6586 443 6 1 60 1773194303 1773194334 ACCEPT OK,eni-0eacf37f4f8a7bf3e-all
1773194303000,2 956463123464 eni-0eacf37f4f8a7bf3e 10.0.10.17 1.140.130.88 11473 443 6 1 60 1773194303 1773194334 ACCEPT OK,eni-0eacf37f4f8a7bf3e-all
1773194303000,2 956463123464 eni-0eacf37f4f8a7bf3e 10.0.10.17 189.22.64.10 40635 443 6 1 60 1773194303 1773194334 ACCEPT OK,eni-0eacf37f4f8a7bf3e-all
1773194303000,2 956463123464 eni-0eacf37f4f8a7bf3e 179.189.84.157 10.0.10.17 54246 443 6 1 52 1773194303 1773194334 ACCEPT OK,eni-0eacf37f4f8a7bf3e-all