local_path,proposed_unit_id,unit_title,confidence,s3_key,cloudfront_url,order,status
assets/courses/faa-107/images/Pictures for Airports/3D Model Savanah.png,38,Answering Airspace and Chart Questions,reviewed,courses/35/38/3d-model-savanah-1a4c159c.png,https://media.thedroneedge.com/courses/35/38/3d-model-savanah-1a4c159c.png,1,uploaded
assets/courses/faa-107/images/Pictures for Airports/Aeronautical chart 1 slide 44.png,243,"Chart Legend, Supplement, and Airport Data",reviewed,courses/35/243/aeronautical-chart-1-slide-44-e9813be9.png,https://media.thedroneedge.com/courses/35/243/aeronautical-chart-1-slide-44-e9813be9.png,1,uploaded
assets/courses/faa-107/images/Pictures for Airports/Aeronautical chart 2 slide 44.png,243,"Chart Legend, Supplement, and Airport Data",reviewed,courses/35/243/aeronautical-chart-2-slide-44-ccd50104.png,https://media.thedroneedge.com/courses/35/243/aeronautical-chart-2-slide-44-ccd50104.png,2,uploaded
assets/courses/faa-107/images/Pictures for Airports/Air Defense Identificatioin Zones ADIZ.png,348,Air Defense Identification Zones (ADIZ),reviewed,courses/35/348/air-defense-identificatioin-zones-adiz-aa4a9ea7.png,https://media.thedroneedge.com/courses/35/348/air-defense-identificatioin-zones-adiz-aa4a9ea7.png,1,uploaded
assets/courses/faa-107/images/Pictures for Airports/Air Traffic by Numbers 1.png,211,Air Traffic by the Numbers,reviewed,courses/35/211/air-traffic-by-numbers-1-6df8612d.png,https://media.thedroneedge.com/courses/35/211/air-traffic-by-numbers-1-6df8612d.png,1,uploaded
assets/courses/faa-107/images/Pictures for Airports/Air Traffic by Numbers 2.png,211,Air Traffic by the Numbers,reviewed,courses/35/211/air-traffic-by-numbers-2-a78ddc2f.png,https://media.thedroneedge.com/courses/35/211/air-traffic-by-numbers-2-a78ddc2f.png,2,uploaded
assets/courses/faa-107/images/Pictures for Airports/Airport & Airspace info chart 1.png,243,"Chart Legend, Supplement, and Airport Data",reviewed,courses/35/243/airport-airspace-info-chart-1-0f86d799.png,https://media.thedroneedge.com/courses/35/243/airport-airspace-info-chart-1-0f86d799.png,3,uploaded
assets/courses/faa-107/images/Pictures for Airports/Airport & Airspace info chart 2.png,243,"Chart Legend, Supplement, and Airport Data",reviewed,courses/35/243/airport-airspace-info-chart-2-d332aa86.png,https://media.thedroneedge.com/courses/35/243/airport-airspace-info-chart-2-d332aa86.png,4,uploaded
assets/courses/faa-107/images/Pictures for Airports/Alert Area Ex.png,335,Alert Areas,reviewed,courses/35/335/alert-area-ex-8ff732b6.png,https://media.thedroneedge.com/courses/35/335/alert-area-ex-8ff732b6.png,1,uploaded
assets/courses/faa-107/images/Pictures for Airports/All Airspace Classifications .png,31,Introduction and Airspace Classifications,reviewed,courses/35/31/all-airspace-classifications-1161d06d.png,https://media.thedroneedge.com/courses/35/31/all-airspace-classifications-1161d06d.png,1,uploaded
assets/courses/faa-107/images/Pictures for Airports/Bethel Alaska PABE Class E2.png,327,Class E2 Surface Areas,reviewed,courses/35/327/bethel-alaska-pabe-class-e2-fa669731.png,https://media.thedroneedge.com/courses/35/327/bethel-alaska-pabe-class-e2-fa669731.png,1,uploaded
assets/courses/faa-107/images/Pictures for Airports/Class B Ex ATL-GA.png,322,Class B Airspace,reviewed,courses/35/322/class-b-ex-atl-ga-2da455af.png,https://media.thedroneedge.com/courses/35/322/class-b-ex-atl-ga-2da455af.png,1,uploaded
assets/courses/faa-107/images/Pictures for Airports/Class B Ex Baltimore-Wash.png,322,Class B Airspace,reviewed,courses/35/322/class-b-ex-baltimore-wash-ff9eb0a1.png,https://media.thedroneedge.com/courses/35/322/class-b-ex-baltimore-wash-ff9eb0a1.png,2,uploaded
assets/courses/faa-107/images/Pictures for Airports/Class C Ex Anchorage Alaska.png,323,Class C Airspace,reviewed,courses/35/323/class-c-ex-anchorage-alaska-f95c23da.png,https://media.thedroneedge.com/courses/35/323/class-c-ex-anchorage-alaska-f95c23da.png,1,uploaded
assets/courses/faa-107/images/Pictures for Airports/Class C Ex-TOL.png,323,Class C Airspace,reviewed,courses/35/323/class-c-ex-tol-c9af7f4f.png,https://media.thedroneedge.com/courses/35/323/class-c-ex-tol-c9af7f4f.png,2,uploaded
assets/courses/faa-107/images/Pictures for Airports/Class D Ex Cincinnati KLUK.png,324,Class D Airspace,reviewed,courses/35/324/class-d-ex-cincinnati-kluk-647c0780.png,https://media.thedroneedge.com/courses/35/324/class-d-ex-cincinnati-kluk-647c0780.png,1,uploaded
assets/courses/faa-107/images/Pictures for Airports/Class D with Ext Concord Padgett JQF.png,3242,Class D with Class E Extension,reviewed,courses/35/3242/class-d-with-ext-concord-padgett-jqf-16c08f7a.png,https://media.thedroneedge.com/courses/35/3242/class-d-with-ext-concord-padgett-jqf-16c08f7a.png,1,uploaded
assets/courses/faa-107/images/Pictures for Airports/Class E Ex Shelby Cleveland KEHO.png,325,Class E Fundamentals,reviewed,courses/35/325/class-e-ex-shelby-cleveland-keho-45190ebb.png,https://media.thedroneedge.com/courses/35/325/class-e-ex-shelby-cleveland-keho-45190ebb.png,1,uploaded
assets/courses/faa-107/images/Pictures for Airports/Class E Ext to Class C Surface Area.png,328,Class E3 and E4 Extensions,reviewed,courses/35/328/class-e-ext-to-class-c-surface-area-932009ad.png,https://media.thedroneedge.com/courses/35/328/class-e-ext-to-class-c-surface-area-932009ad.png,1,uploaded
assets/courses/faa-107/images/Pictures for Airports/Class E Floor 1200 ft or greater abuts G.png,325,Class E Fundamentals,reviewed,courses/35/325/class-e-floor-1200-ft-or-greater-abuts-g-02f5ed3f.png,https://media.thedroneedge.com/courses/35/325/class-e-floor-1200-ft-or-greater-abuts-g-02f5ed3f.png,2,uploaded
assets/courses/faa-107/images/Pictures for Airports/Class E Monrose Rgnl MTJ.png,327,Class E2 Surface Areas,reviewed,courses/35/327/class-e-monrose-rgnl-mtj-e7b4e094.png,https://media.thedroneedge.com/courses/35/327/class-e-monrose-rgnl-mtj-e7b4e094.png,2,uploaded
assets/courses/faa-107/images/Pictures for Airports/Class E Pauling NW Atlanta PUJ.png,327,Class E2 Surface Areas,reviewed,courses/35/327/class-e-pauling-nw-atlanta-puj-11dceabf.png,https://media.thedroneedge.com/courses/35/327/class-e-pauling-nw-atlanta-puj-11dceabf.png,3,uploaded
assets/courses/faa-107/images/Pictures for Airports/Class E airspace markings.png,325,Class E Fundamentals,reviewed,courses/35/325/class-e-airspace-markings-700b215c.png,https://media.thedroneedge.com/courses/35/325/class-e-airspace-markings-700b215c.png,3,uploaded
assets/courses/faa-107/images/Pictures for Airports/Class E3 Ex intersecting Class C.png,328,Class E3 and E4 Extensions,reviewed,courses/35/328/class-e3-ex-intersecting-class-c-ae6ea2e3.png,https://media.thedroneedge.com/courses/35/328/class-e3-ex-intersecting-class-c-ae6ea2e3.png,2,uploaded
assets/courses/faa-107/images/Pictures for Airports/Class E4.png,328,Class E3 and E4 Extensions,reviewed,courses/35/328/class-e4-bf8ef006.png,https://media.thedroneedge.com/courses/35/328/class-e4-bf8ef006.png,3,uploaded
assets/courses/faa-107/images/Pictures for Airports/Communications Boxes.png,243,"Chart Legend, Supplement, and Airport Data",reviewed,courses/35/243/communications-boxes-e2f50cf4.png,https://media.thedroneedge.com/courses/35/243/communications-boxes-e2f50cf4.png,5,uploaded
assets/courses/faa-107/images/Pictures for Airports/Ex Airport data 1.png,243,"Chart Legend, Supplement, and Airport Data",reviewed,courses/35/243/ex-airport-data-1-2c05899d.png,https://media.thedroneedge.com/courses/35/243/ex-airport-data-1-2c05899d.png,6,uploaded
assets/courses/faa-107/images/Pictures for Airports/Ex Airport data 2.png,243,"Chart Legend, Supplement, and Airport Data",reviewed,courses/35/243/ex-airport-data-2-ba980a4f.png,https://media.thedroneedge.com/courses/35/243/ex-airport-data-2-ba980a4f.png,7,uploaded
assets/courses/faa-107/images/Pictures for Airports/Ex chart supplement.png,231,Chart Supplement U.S.,reviewed,courses/35/231/ex-chart-supplement-9135bcc4.png,https://media.thedroneedge.com/courses/35/231/ex-chart-supplement-9135bcc4.png,1,uploaded
assets/courses/faa-107/images/Pictures for Airports/Figure 1 L & L pic Quiz.png,22,Navigation: Latitude and Longitude,reviewed,courses/35/22/figure-1-l-l-pic-quiz-1a10e0aa.png,https://media.thedroneedge.com/courses/35/22/figure-1-l-l-pic-quiz-1a10e0aa.png,1,uploaded
assets/courses/faa-107/images/Pictures for Airports/Figure 2 L & L pic Quiz.png,22,Navigation: Latitude and Longitude,reviewed,courses/35/22/figure-2-l-l-pic-quiz-806b1974.png,https://media.thedroneedge.com/courses/35/22/figure-2-l-l-pic-quiz-806b1974.png,2,uploaded
assets/courses/faa-107/images/Pictures for Airports/L & L Lines.png,22,Navigation: Latitude and Longitude,reviewed,courses/35/22/l-l-lines-8552f6f3.png,https://media.thedroneedge.com/courses/35/22/l-l-lines-8552f6f3.png,3,uploaded
assets/courses/faa-107/images/Pictures for Airports/Latitude and Longitude Globe.png,22,Navigation: Latitude and Longitude,reviewed,courses/35/22/latitude-and-longitude-globe-11e3c65b.png,https://media.thedroneedge.com/courses/35/22/latitude-and-longitude-globe-11e3c65b.png,4,uploaded
assets/courses/faa-107/images/Pictures for Airports/Longitude and Latitude Points A - D.png,22,Navigation: Latitude and Longitude,reviewed,courses/35/22/longitude-and-latitude-points-a-d-d1617475.png,https://media.thedroneedge.com/courses/35/22/longitude-and-latitude-points-a-d-d1617475.png,5,uploaded
assets/courses/faa-107/images/Pictures for Airports/MEF.png,245,Maximum Elevation Figure (MEF),reviewed,courses/35/245/mef-1aab2cac.png,https://media.thedroneedge.com/courses/35/245/mef-1aab2cac.png,1,uploaded
assets/courses/faa-107/images/Pictures for Airports/MOA Ex  Gamecock.png,334,Military Operations Areas (MOAs),reviewed,courses/35/334/moa-ex-gamecock-f85f0ae2.png,https://media.thedroneedge.com/courses/35/334/moa-ex-gamecock-f85f0ae2.png,1,uploaded
assets/courses/faa-107/images/Pictures for Airports/MTR Ex.png,342,Military Training Routes (MTRs),reviewed,courses/35/342/mtr-ex-2dc51bda.png,https://media.thedroneedge.com/courses/35/342/mtr-ex-2dc51bda.png,1,uploaded
assets/courses/faa-107/images/Pictures for Airports/Manmade obstacles.png,244,Man-Made Obstacles on Sectional Charts,reviewed,courses/35/244/manmade-obstacles-4951e3d3.png,https://media.thedroneedge.com/courses/35/244/manmade-obstacles-4951e3d3.png,1,uploaded
assets/courses/faa-107/images/Pictures for Airports/National Security Areas NSAS.png,347,National Security Areas (NSA),reviewed,courses/35/347/national-security-areas-nsas-c2ce6889.png,https://media.thedroneedge.com/courses/35/347/national-security-areas-nsas-c2ce6889.png,1,uploaded
assets/courses/faa-107/images/Pictures for Airports/New Orleans Sectional Chart.png,241,Sectional Charts,reviewed,courses/35/241/new-orleans-sectional-chart-79a12b34.png,https://media.thedroneedge.com/courses/35/241/new-orleans-sectional-chart-79a12b34.png,1,uploaded
assets/courses/faa-107/images/Pictures for Airports/North Little Rock on Memphis sectional.png,241,Sectional Charts,reviewed,courses/35/241/north-little-rock-on-memphis-sectional-f1add7cb.png,https://media.thedroneedge.com/courses/35/241/north-little-rock-on-memphis-sectional-f1add7cb.png,2,uploaded
assets/courses/faa-107/images/Pictures for Airports/Parachute Jumps Ex.png,344,Parachute Jump Aircraft Operations,reviewed,courses/35/344/parachute-jumps-ex-acaac286.png,https://media.thedroneedge.com/courses/35/344/parachute-jumps-ex-acaac286.png,1,uploaded
assets/courses/faa-107/images/Pictures for Airports/Prohibeted Area Ex.png,332,Prohibited Areas,reviewed,courses/35/332/prohibeted-area-ex-7e38f245.png,https://media.thedroneedge.com/courses/35/332/prohibeted-area-ex-7e38f245.png,1,uploaded
assets/courses/faa-107/images/Pictures for Airports/Reading L & L lines.png,22,Navigation: Latitude and Longitude,reviewed,courses/35/22/reading-l-l-lines-1db79f04.png,https://media.thedroneedge.com/courses/35/22/reading-l-l-lines-1db79f04.png,6,uploaded
assets/courses/faa-107/images/Pictures for Airports/Restricted Area Ex.png,331,Restricted Areas,reviewed,courses/35/331/restricted-area-ex-14e9e2bb.png,https://media.thedroneedge.com/courses/35/331/restricted-area-ex-14e9e2bb.png,1,uploaded
assets/courses/faa-107/images/Pictures for Airports/Sectional Aeronautical Chart.png,243,"Chart Legend, Supplement, and Airport Data",reviewed,courses/35/243/sectional-aeronautical-chart-11653c23.png,https://media.thedroneedge.com/courses/35/243/sectional-aeronautical-chart-11653c23.png,8,uploaded
assets/courses/faa-107/images/Pictures for Airports/Sectional Charts.png,241,Sectional Charts,reviewed,courses/35/241/sectional-charts-47222cb6.png,https://media.thedroneedge.com/courses/35/241/sectional-charts-47222cb6.png,3,uploaded
assets/courses/faa-107/images/Pictures for Airports/Special Use Airspace on Seatle Secional Chart.png,33,Special Use Airspace,reviewed,courses/35/33/special-use-airspace-on-seatle-secional-chart-3e05aaf0.png,https://media.thedroneedge.com/courses/35/33/special-use-airspace-on-seatle-secional-chart-3e05aaf0.png,1,uploaded
assets/courses/faa-107/images/Pictures for Airports/Special Use Airspace.png,33,Special Use Airspace,reviewed,courses/35/33/special-use-airspace-1eb0e738.png,https://media.thedroneedge.com/courses/35/33/special-use-airspace-1eb0e738.png,2,uploaded
assets/courses/faa-107/images/Pictures for Airports/Special Use airspace Ex 2.png,33,Special Use Airspace,reviewed,courses/35/33/special-use-airspace-ex-2-032ae330.png,https://media.thedroneedge.com/courses/35/33/special-use-airspace-ex-2-032ae330.png,3,uploaded
assets/courses/faa-107/images/Pictures for Airports/Special Use airspace Ex1.png,33,Special Use Airspace,reviewed,courses/35/33/special-use-airspace-ex1-c09ae0d5.png,https://media.thedroneedge.com/courses/35/33/special-use-airspace-ex1-c09ae0d5.png,4,uploaded
assets/courses/faa-107/images/Pictures for Airports/TFR Ex Washington DC.png,343,Temporary Flight Restrictions (TFRs),reviewed,courses/35/343/tfr-ex-washington-dc-4233dc79.png,https://media.thedroneedge.com/courses/35/343/tfr-ex-washington-dc-4233dc79.png,1,uploaded
assets/courses/faa-107/images/Pictures for Airports/Terminal Radar Service Areas TRSA.png,346,Terminal Radar Service Areas (TRSA),reviewed,courses/35/346/terminal-radar-service-areas-trsa-c2ad66ba.png,https://media.thedroneedge.com/courses/35/346/terminal-radar-service-areas-trsa-c2ad66ba.png,1,uploaded
assets/courses/faa-107/images/Pictures for Airports/Terminal chart Miami.png,242,Terminal Area Charts (TACs),reviewed,courses/35/242/terminal-chart-miami-dbd70cfb.png,https://media.thedroneedge.com/courses/35/242/terminal-chart-miami-dbd70cfb.png,1,uploaded
assets/courses/faa-107/images/Pictures for Airports/Testing Supplement Book.png,38,Answering Airspace and Chart Questions,reviewed,courses/35/38/testing-supplement-book-622a3402.png,https://media.thedroneedge.com/courses/35/38/testing-supplement-book-622a3402.png,2,uploaded
assets/courses/faa-107/images/Pictures for Airports/Using Aeronautical charts flag.png,24,Aeronautical Charts,reviewed,courses/35/24/using-aeronautical-charts-flag-f8a6516f.png,https://media.thedroneedge.com/courses/35/24/using-aeronautical-charts-flag-f8a6516f.png,1,uploaded
assets/courses/faa-107/images/Pictures for Airports/VFR CheckPoint High Volume.png,345,Published VFR Routes,reviewed,courses/35/345/vfr-checkpoint-high-volume-6d7a0008.png,https://media.thedroneedge.com/courses/35/345/vfr-checkpoint-high-volume-6d7a0008.png,1,uploaded
assets/courses/faa-107/images/Pictures for Airports/VFR Routes.png,345,Published VFR Routes,reviewed,courses/35/345/vfr-routes-96c5a361.png,https://media.thedroneedge.com/courses/35/345/vfr-routes-96c5a361.png,2,uploaded
assets/courses/faa-107/images/Pictures for Airports/Warning Area Ex.png,333,Warning Areas,reviewed,courses/35/333/warning-area-ex-bbd0f630.png,https://media.thedroneedge.com/courses/35/333/warning-area-ex-bbd0f630.png,1,uploaded
assets/courses/faa-107/images/Pictures for Airports/sample L & L 1 no map.png,22,Navigation: Latitude and Longitude,reviewed,courses/35/22/sample-l-l-1-no-map-3cbd2e92.png,https://media.thedroneedge.com/courses/35/22/sample-l-l-1-no-map-3cbd2e92.png,7,uploaded
assets/courses/faa-107/images/Pictures for Airports/sample L & L 2 no map.png,22,Navigation: Latitude and Longitude,reviewed,courses/35/22/sample-l-l-2-no-map-72492307.png,https://media.thedroneedge.com/courses/35/22/sample-l-l-2-no-map-72492307.png,8,uploaded
