file,unit_id,unit_title,width,height,verdict,note,current_url,order,replacement_file,retake_source,retake_note
3D Model Savanah.png,38,Answering Airspace and Chart Questions,1145,645,keep,meets 1000px guideline,https://media.thedroneedge.com/courses/35/38/3d-model-savanah-1a4c159c.png,1,,,
Aeronautical chart 1 slide 44.png,243,"Chart Legend, Supplement, and Airport Data",617,400,replace_p1,dense small text at <700px; retaken 2026-09-14 from AKTS legend p13 (airport data block panel); uploaded + swapped into local JSON 2026-09-14 (goes live on republish),https://media.thedroneedge.com/courses/35/243/aeronautical-chart-1-slide-44-e9813be9.png,1,retakes/aeronautical-chart-1-airport-data-akts-legend.png,faa-pdf,Chart Users Guide airport data legend
Aeronautical chart 2 slide 44.png,243,"Chart Legend, Supplement, and Airport Data",476,523,replace_p1,dense small text at <700px; retaken 2026-09-14 from AKTS legend p13 (airport data text panel); uploaded + swapped into local JSON 2026-09-14 (goes live on republish),https://media.thedroneedge.com/courses/35/243/aeronautical-chart-2-slide-44-ccd50104.png,2,retakes/aeronautical-chart-2-airport-data-akts-legend.png,faa-pdf,Chart Users Guide airport data legend
Air Defense Identificatioin Zones ADIZ.png,348,Air Defense Identification Zones (ADIZ),351,351,added_for_comparison,"retaken from Jacksonville SEC GeoTIFF (CONTIGUOUS U.S. ADIZ label boxed, coast context); appended as u348 image 2 (2026-09-14) for live comparison",https://media.thedroneedge.com/courses/35/348/air-defense-identificatioin-zones-adiz-aa4a9ea7.png,1,retakes/contiguous-us-adiz-jacksonville-sec.png,faa-geotiff,coastal SEC (ADIZ dotted magenta offshore; Jacksonville SEC on disk has it)
Air Traffic by Numbers 1.png,211,Air Traffic by the Numbers,526,607,added_for_comparison,composite live at courses/35/211/aircraft-by-numbers-1of-1-da658d3d.png appended as u211 image 3 (2026-09-14); originals kept pending live comparison,https://media.thedroneedge.com/courses/35/211/air-traffic-by-numbers-1-6df8612d.png,1,,,
Air Traffic by Numbers 2.png,211,Air Traffic by the Numbers,538,150,added_for_comparison,composite appended as u211 image 3 (2026-09-14); originals kept pending live comparison,https://media.thedroneedge.com/courses/35/211/air-traffic-by-numbers-2-a78ddc2f.png,2,,,
Airport & Airspace info chart 1.png,243,"Chart Legend, Supplement, and Airport Data",266,667,replace_p1,dense small text at <700px; retaken 2026-09-14 from AKTS legend p13 (airspace info panel 1); uploaded + swapped into local JSON 2026-09-14 (goes live on republish),https://media.thedroneedge.com/courses/35/243/airport-airspace-info-chart-1-0f86d799.png,3,retakes/airport-airspace-info-1-akts-legend.png,faa-pdf,AKTS Appendix 1 legend / Chart Users Guide
Airport & Airspace info chart 2.png,243,"Chart Legend, Supplement, and Airport Data",236,341,replace_p1,under 500px long edge; upscaled 2-4x in content column; retaken 2026-09-14 from AKTS legend p13 (airspace info panel 2); uploaded + swapped into local JSON 2026-09-14 (goes live on republish),https://media.thedroneedge.com/courses/35/243/airport-airspace-info-chart-2-d332aa86.png,4,retakes/airport-airspace-info-2-akts-legend.png,faa-pdf,AKTS Appendix 1 legend / Chart Users Guide
Alert Area Ex.png,335,Alert Areas,432,441,added_for_comparison,"retaken from Jacksonville SEC GeoTIFF (A-293 label circled, caution box + Daytona Beach context); appended as u335 image 2 (2026-09-14) for live comparison. NOTE: old figure also contained the chart-margin SUA table — that content is a candidate for the u33 Special Use Airspace.png retake",https://media.thedroneedge.com/courses/35/335/alert-area-ex-8ff732b6.png,1,retakes/alert-area-a-293-jacksonville-sec.png,faa-geotiff,Jacksonville SEC on disk (A-293 west of Daytona Beach)
All Airspace Classifications .png,31,Introduction and Airspace Classifications,748,358,keep,acceptable at column width,https://media.thedroneedge.com/courses/35/31/all-airspace-classifications-1161d06d.png,1,,,
Bethel Alaska PABE Class E2.png,327,Class E2 Surface Areas,1138,648,keep,meets 1000px guideline,https://media.thedroneedge.com/courses/35/327/bethel-alaska-pabe-class-e2-fa669731.png,1,,,
Class B Ex ATL-GA.png,322,Class B Airspace,1147,648,keep,meets 1000px guideline,https://media.thedroneedge.com/courses/35/322/class-b-ex-atl-ga-2da455af.png,1,,,
Class B Ex Baltimore-Wash.png,322,Class B Airspace,1147,642,keep,meets 1000px guideline,https://media.thedroneedge.com/courses/35/322/class-b-ex-baltimore-wash-ff9eb0a1.png,2,,,
Class C Ex Anchorage Alaska.png,323,Class C Airspace,1144,643,keep,meets 1000px guideline,https://media.thedroneedge.com/courses/35/323/class-c-ex-anchorage-alaska-f95c23da.png,1,,,
Class C Ex-TOL.png,323,Class C Airspace,1147,645,keep,meets 1000px guideline,https://media.thedroneedge.com/courses/35/323/class-c-ex-tol-c9af7f4f.png,2,,,
Class D Ex Cincinnati KLUK.png,324,Class D Airspace,1141,645,keep,meets 1000px guideline,https://media.thedroneedge.com/courses/35/324/class-d-ex-cincinnati-kluk-647c0780.png,1,,,
Class D with Ext Concord Padgett JQF.png,3242,Class D with Class E Extension,1146,646,keep,meets 1000px guideline,https://media.thedroneedge.com/courses/35/3242/class-d-with-ext-concord-padgett-jqf-16c08f7a.png,1,,,
Class E Ex Shelby Cleveland KEHO.png,325,Class E Fundamentals,1065,613,keep,meets 1000px guideline,https://media.thedroneedge.com/courses/35/325/class-e-ex-shelby-cleveland-keho-45190ebb.png,1,,,
Class E Ext to Class C Surface Area.png,328,Class E3 and E4 Extensions,981,544,keep,acceptable at column width,https://media.thedroneedge.com/courses/35/328/class-e-ext-to-class-c-surface-area-932009ad.png,1,,,
Class E Floor 1200 ft or greater abuts G.png,325,Class E Fundamentals,1093,619,keep,meets 1000px guideline,https://media.thedroneedge.com/courses/35/325/class-e-floor-1200-ft-or-greater-abuts-g-02f5ed3f.png,2,,,
Class E Monrose Rgnl MTJ.png,327,Class E2 Surface Areas,1123,639,keep,meets 1000px guideline,https://media.thedroneedge.com/courses/35/327/class-e-monrose-rgnl-mtj-e7b4e094.png,2,,,
Class E Pauling NW Atlanta PUJ.png,327,Class E2 Surface Areas,552,631,replace_p2,retaken 2026-09-14 from Atlanta SEC GeoTIFF (Paulding NW PUJ with Class E dashed magenta); uploaded + swapped into local JSON 2026-09-14 (goes live on republish),https://media.thedroneedge.com/courses/35/327/class-e-pauling-nw-atlanta-puj-11dceabf.png,3,retakes/class-e-paulding-nw-atlanta-puj-atlanta-sec.png,faa-geotiff,Atlanta SEC on disk
Class E airspace markings.png,325,Class E Fundamentals,324,438,replace_p1,under 500px long edge; upscaled 2-4x in content column; retaken 2026-09-14 from Chart Users Guide p27 Class E section at 300dpi; uploaded + swapped into local JSON 2026-09-14 (goes live on republish),https://media.thedroneedge.com/courses/35/325/class-e-airspace-markings-700b215c.png,3,retakes/class-e-airspace-markings-cug-p27.png,faa-pdf,Chart Users Guide airspace legend
Class E3 Ex intersecting Class C.png,328,Class E3 and E4 Extensions,1093,589,keep,meets 1000px guideline,https://media.thedroneedge.com/courses/35/328/class-e3-ex-intersecting-class-c-ae6ea2e3.png,2,,,
Class E4.png,328,Class E3 and E4 Extensions,1145,643,keep,meets 1000px guideline,https://media.thedroneedge.com/courses/35/328/class-e4-bf8ef006.png,3,,,
Communications Boxes.png,243,"Chart Legend, Supplement, and Airport Data",805,427,replace_p2,marginal; retaken 2026-09-14 from AKTS legend p13 (communication boxes panel); uploaded + swapped into local JSON 2026-09-14 (goes live on republish),https://media.thedroneedge.com/courses/35/243/communications-boxes-e2f50cf4.png,5,retakes/communications-boxes-akts-legend.png,faa-pdf,Chart Users Guide communication boxes legend
Ex Airport data 1.png,243,"Chart Legend, Supplement, and Airport Data",619,506,replace_p1,"dense small text at <700px; retaken 2026-09-14 from Dallas-Ft Worth SEC GeoTIFF, DFW Intl data block circled; uploaded + swapped into local JSON 2026-09-14 (goes live on republish)",https://media.thedroneedge.com/courses/35/243/ex-airport-data-1-2c05899d.png,6,retakes/ex-airport-data-1-dfw-sec.png,faa-geotiff,Dallas-Ft Worth SEC (download); re-annotate callouts
Ex Airport data 2.png,243,"Chart Legend, Supplement, and Airport Data",464,508,replace_p1,"dense small text at <700px; retaken 2026-09-14 from Dallas-Ft Worth SEC GeoTIFF, Ralph M Hall/Rockwall Muni data block circled; uploaded + swapped into local JSON 2026-09-14 (goes live on republish)",https://media.thedroneedge.com/courses/35/243/ex-airport-data-2-ba980a4f.png,7,retakes/ex-airport-data-2-rockwall-dfw-sec.png,faa-geotiff,Dallas-Ft Worth SEC (download); re-annotate callouts
Ex chart supplement.png,231,Chart Supplement U.S.,817,735,replace_p2,marginal; retaken 2026-09-14 from digital Chart Supplement NW p48 (Coeur d'Alene COE entry); uploaded + swapped into local JSON 2026-09-14 (goes live on republish),https://media.thedroneedge.com/courses/35/231/ex-chart-supplement-9135bcc4.png,1,retakes/ex-chart-supplement-coe-dcs-nw.png,faa-pdf,digital Chart Supplement (d-CS) page render
Figure 1 L & L pic Quiz.png,22,Navigation: Latitude and Longitude,558,616,replace_p2,"500-700px; soft but readable; replace if Drive has better; retaken 2026-09-14 from Miami SEC GeoTIFF, Key West with 25N/82W graticule labels, matches old framing at ~3x res; uploaded + swapped into local JSON 2026-09-14 (goes live on republish)",https://media.thedroneedge.com/courses/35/22/figure-1-l-l-pic-quiz-1a10e0aa.png,1,retakes/figure-1-lat-long-quiz-key-west-miami-sec.png,faa-pdf,AKTS FAA-CT-8080-2H figure render at 300dpi
Figure 2 L & L pic Quiz.png,22,Navigation: Latitude and Longitude,614,700,keep,acceptable at column width,https://media.thedroneedge.com/courses/35/22/figure-2-l-l-pic-quiz-806b1974.png,2,,,
L & L Lines.png,22,Navigation: Latitude and Longitude,1077,608,keep,meets 1000px guideline,https://media.thedroneedge.com/courses/35/22/l-l-lines-8552f6f3.png,3,,,
Latitude and Longitude Globe.png,22,Navigation: Latitude and Longitude,620,604,replace_p2,500-700px; soft but readable; replace if Drive has better,https://media.thedroneedge.com/courses/35/22/latitude-and-longitude-globe-11e3c65b.png,4,,author-original,custom graphic; recreate or public-domain globe graticule
Longitude and Latitude Points A - D.png,22,Navigation: Latitude and Longitude,640,572,replace_p2,500-700px; soft but readable; replace if Drive has better,https://media.thedroneedge.com/courses/35/22/longitude-and-latitude-points-a-d-d1617475.png,5,,author-original,custom practice grid; need original slide or redraw
MEF.png,245,Maximum Elevation Figure (MEF),659,746,keep,acceptable at column width,https://media.thedroneedge.com/courses/35/245/mef-1aab2cac.png,1,,,
MOA Ex  Gamecock.png,334,Military Operations Areas (MOAs),606,571,replace_p2,retaken 2026-09-14 as composite from Charlotte SEC GeoTIFF (Gamecock MOA chart crop + collar MOA table with Gamecock I row boxed); uploaded + swapped into local JSON 2026-09-14 (goes live on republish),https://media.thedroneedge.com/courses/35/334/moa-ex-gamecock-f85f0ae2.png,1,retakes/moa-gamecock-charlotte-sec.png,faa-geotiff,"Charlotte SEC on disk (Gamecock MOA, SC)"
MTR Ex.png,342,Military Training Routes (MTRs),1023,403,keep,meets 1000px guideline,https://media.thedroneedge.com/courses/35/342/mtr-ex-2dc51bda.png,1,,,
Manmade obstacles.png,244,Man-Made Obstacles on Sectional Charts,435,443,replace_p1,"under 500px long edge; upscaled 2-4x in content column; retaken 2026-09-14 from Dallas-Ft Worth SEC GeoTIFF; re-annotated same day so circles match text_content (1198 bldgs, 1743/1113 tower, 1216/565 group; stadium-flag circle removed - flag belongs to u24); uploaded + swapped into local JSON (goes live on republish)",https://media.thedroneedge.com/courses/35/244/manmade-obstacles-4951e3d3.png,1,retakes/manmade-obstacles-fort-worth-dfw-sec.png,faa-geotiff,Dallas-Ft Worth SEC (download); re-add circles
National Security Areas NSAS.png,347,National Security Areas (NSA),366,394,replace_p1,"under 500px long edge; retaken 2026-09-14 from Salt Lake City SEC GeoTIFF (Idaho National Lab NSA, notice box circled, matches old framing); uploaded + swapped into local JSON 2026-09-14 (goes live on republish)",https://media.thedroneedge.com/courses/35/347/national-security-areas-nsas-c2ce6889.png,1,retakes/nsa-idaho-national-lab-salt-lake-city-sec.png,faa-geotiff,Salt Lake City SEC on disk (Idaho National Lab NSA)
New Orleans Sectional Chart.png,241,Sectional Charts,978,745,keep,acceptable at column width,https://media.thedroneedge.com/courses/35/241/new-orleans-sectional-chart-79a12b34.png,1,,,
North Little Rock on Memphis sectional.png,241,Sectional Charts,663,744,keep,acceptable at column width,https://media.thedroneedge.com/courses/35/241/north-little-rock-on-memphis-sectional-f1add7cb.png,2,,,
Parachute Jumps Ex.png,344,Parachute Jump Aircraft Operations,1005,534,keep,meets 1000px guideline,https://media.thedroneedge.com/courses/35/344/parachute-jumps-ex-acaac286.png,1,,,
Prohibeted Area Ex.png,332,Prohibited Areas,397,569,replace_p2,"retaken 2026-09-14 from Dallas-Ft Worth SEC GeoTIFF (P-47 Pantex near Amarillo boxed, same area as old figure); uploaded + swapped into local JSON 2026-09-14 (goes live on republish)",https://media.thedroneedge.com/courses/35/332/prohibeted-area-ex-7e38f245.png,1,retakes/prohibited-area-p-47-amarillo-dfw-sec.png,faa-geotiff,Dallas-Ft Worth SEC on disk (P-47 Amarillo)
Reading L & L lines.png,22,Navigation: Latitude and Longitude,1328,759,added_for_comparison,new figure live at courses/35/22/navigation-latitude-and-longitude-3-of-8-44f61689.png inserted as u22 image 3 (2026-09-14); old kept as image 4 pending live comparison,https://media.thedroneedge.com/courses/35/22/reading-l-l-lines-1db79f04.png,6,,,
Restricted Area Ex.png,331,Restricted Areas,327,366,replace_p1,"under 500px long edge; retaken 2026-09-14 from Las Vegas SEC GeoTIFF (R-4806W label circled, Creech AFB context); uploaded + swapped into local JSON 2026-09-14 (goes live on republish)",https://media.thedroneedge.com/courses/35/331/restricted-area-ex-14e9e2bb.png,1,retakes/restricted-area-r-4806w-las-vegas-sec.png,faa-geotiff,Las Vegas SEC on disk (R-4806W Nellis)
Sectional Aeronautical Chart.png,243,"Chart Legend, Supplement, and Airport Data",825,593,keep,acceptable at column width,https://media.thedroneedge.com/courses/35/243/sectional-aeronautical-chart-11653c23.png,8,,,
Sectional Charts.png,241,Sectional Charts,1206,340,keep,meets 1000px guideline,https://media.thedroneedge.com/courses/35/241/sectional-charts-47222cb6.png,3,,,
Special Use Airspace on Seatle Secional Chart.png,33,Special Use Airspace,538,351,replace_p2,"retaken 2026-09-14 from Seattle SEC GeoTIFF collar (full SUA tabulation, same table as old figure at full res); uploaded + swapped into local JSON 2026-09-14 (goes live on republish)",https://media.thedroneedge.com/courses/35/33/special-use-airspace-on-seatle-secional-chart-3e05aaf0.png,1,retakes/special-use-airspace-table-seattle-sec.png,faa-geotiff,Seattle SEC on disk (chart-margin SUA table)
Special Use Airspace.png,33,Special Use Airspace,310,431,replace_p1,"low-res AND text cut off at right edge; retaken 2026-09-14 from DFW SEC chart-margin SUA tabulation (full P/R/W/A + MOA tables, fixes cut-off text); uploaded + swapped into local JSON 2026-09-14 (goes live on republish)",https://media.thedroneedge.com/courses/35/33/special-use-airspace-1eb0e738.png,2,retakes/special-use-airspace-table-dfw-sec.png,faa-pdf,AKTS legend special-use table (fixes cut-off text too)
Special Use airspace Ex 2.png,33,Special Use Airspace,509,416,replace_p2,"retaken 2026-09-14 from Seattle SEC GeoTIFF (Coupeville NOLF / R-6701 area boxed, matches old framing); uploaded + swapped into local JSON 2026-09-14 (goes live on republish)",https://media.thedroneedge.com/courses/35/33/special-use-airspace-ex-2-032ae330.png,3,retakes/special-use-r-6701-coupeville-seattle-sec.png,faa-geotiff,Seattle SEC on disk (R-6701 Whidbey Island)
Special Use airspace Ex1.png,33,Special Use Airspace,320,411,replace_p1,"under 500px long edge; retaken 2026-09-14 from Seattle SEC GeoTIFF (WARNING W-237A label boxed offshore Olympic coast, matches old framing); uploaded + swapped into local JSON 2026-09-14 (goes live on republish)",https://media.thedroneedge.com/courses/35/33/special-use-airspace-ex1-c09ae0d5.png,4,retakes/special-use-warning-w-237a-seattle-sec.png,faa-geotiff,Seattle SEC on disk (W-237A)
TFR Ex Washington DC.png,343,Temporary Flight Restrictions (TFRs),591,584,replace_p2,"retaken 2026-09-14 from Washington SEC GeoTIFF (P-40/R-4009 Camp David with flight-restriction caution box circled, same area as old figure); uploaded + swapped into local JSON 2026-09-14 (goes live on republish)",https://media.thedroneedge.com/courses/35/343/tfr-ex-washington-dc-4233dc79.png,1,retakes/tfr-p-40-camp-david-washington-sec.png,faa-geotiff,Washington SEC on disk (P-40/R-4009 Camp David)
Terminal Radar Service Areas TRSA.png,346,Terminal Radar Service Areas (TRSA),528,573,replace_p2,"retaken 2026-09-14 from New York SEC GeoTIFF (Wilkes-Barre TRSA label circled, grey rings, same area as old figure); uploaded + swapped into local JSON 2026-09-14 (goes live on republish)",https://media.thedroneedge.com/courses/35/346/terminal-radar-service-areas-trsa-c2ad66ba.png,1,retakes/trsa-wilkes-barre-scranton-new-york-sec.png,faa-geotiff,New York SEC on disk (Wilkes-Barre/Scranton TRSA)
Terminal chart Miami.png,242,Terminal Area Charts (TACs),874,739,keep,acceptable at column width,https://media.thedroneedge.com/courses/35/242/terminal-chart-miami-dbd70cfb.png,1,,,
Testing Supplement Book.png,38,Answering Airspace and Chart Questions,378,493,replace_p1,under 500px long edge; upscaled 2-4x in content column,https://media.thedroneedge.com/courses/35/38/testing-supplement-book-622a3402.png,2,,author-original,photo of physical book; re-shoot or render FAA cover
Using Aeronautical charts flag.png,24,Aeronautical Charts,515,528,replace_p2,"500-700px; soft but readable; replace if Drive has better; retaken 2026-09-14 from Dallas-Ft Worth SEC GeoTIFF, STADIUM VFR checkpoint flag circled near Dallas Love; uploaded + swapped into local JSON 2026-09-14 (goes live on republish)",https://media.thedroneedge.com/courses/35/24/using-aeronautical-charts-flag-f8a6516f.png,1,retakes/vfr-checkpoint-flag-stadium-dfw-sec.png,faa-geotiff,SEC crop with checkpoint flag
VFR CheckPoint High Volume.png,345,Published VFR Routes,452,462,replace_p1,under 500px long edge; upscaled 2-4x in content column; same DFW STADIUM checkpoint retake serves here; uploaded + swapped into local JSON 2026-09-14 (goes live on republish),https://media.thedroneedge.com/courses/35/345/vfr-checkpoint-high-volume-6d7a0008.png,1,retakes/vfr-checkpoint-flag-stadium-dfw-sec.png,faa-geotiff,SEC crop showing VFR checkpoint flag
VFR Routes.png,345,Published VFR Routes,397,560,replace_p2,"retaken 2026-09-14 from New York TAC GeoTIFF (Hudson River corridor boxed over Manhattan, same area as old figure); uploaded + swapped into local JSON 2026-09-14 (goes live on republish)",https://media.thedroneedge.com/courses/35/345/vfr-routes-96c5a361.png,2,retakes/vfr-routes-hudson-corridor-new-york-tac.png,faa-geotiff,New York TAC on disk (Hudson River SFRA corridor)
Warning Area Ex.png,333,Warning Areas,512,405,added_for_comparison,"retaken from Jacksonville SEC GeoTIFF (W-137E/W-138E circled, offshore St. Augustine; old figure was Seattle SEC W-570); appended as u333 image 2 (2026-09-14) for live comparison",https://media.thedroneedge.com/courses/35/333/warning-area-ex-bbd0f630.png,1,retakes/warning-areas-w-137e-w-138e-jacksonville-sec.png,faa-geotiff,Jacksonville SEC on disk (W-157/158 offshore)
sample L & L 1 no map.png,22,Navigation: Latitude and Longitude,1315,717,keep,meets 1000px guideline,https://media.thedroneedge.com/courses/35/22/sample-l-l-1-no-map-3cbd2e92.png,7,,,
sample L & L 2 no map.png,22,Navigation: Latitude and Longitude,1313,702,keep,meets 1000px guideline,https://media.thedroneedge.com/courses/35/22/sample-l-l-2-no-map-72492307.png,8,,,
